Workbook

Sheet Hướng dẫn
B2: XPERISE METRICS — FILE NHẬP DỮ LIỆU
B3: Dùng để tải số liệu lên dashboard. Không đổi tên sheet và không đổi tên cột.
B5: CÁCH DÙNG | C5: Điền số vào sheet 'Actual' (số thực tế) và sheet 'Target' (số kế hoạch). Mỗi tháng một dòng. Điền xong thì vào dashboard, tab Dữ liệu, tải file này lên. Hệ thống sẽ hiện bảng kiểm tra trước, xem xong mới bấm ghi.
B7: ĐƠN VỊ TIỀN | C7: Tất cả các cột doanh thu ghi bằng VND NGUYÊN, không ghi tỷ và không ghi triệu. Ví dụ: 5.96 tỷ thì điền 5960000000. Không dùng dấu phẩy, không dùng chữ 'tỷ'.
B9: CỘT period | C9: Ghi dạng 2026-06. Các dạng khác cũng đọc được: Jun-26, 06/2026. Mỗi tháng chỉ một dòng, không được lặp.
B11: CỘT is_forecast | C11: Để trống nếu là số thực tế đã chốt. Ghi 1 nếu là số dự phóng. Số dự phóng sẽ hiển thị nghiêng trên dashboard.
B13: Ô MÀU VÀNG | C13: Là dòng ví dụ mẫu, cho thấy đúng định dạng cần điền. XÓA DÒNG NÀY trước khi tải lên, nếu không tháng đó sẽ bị ghi đè bằng số ví dụ.
B15: GHI ĐÈ | C15: Tải lại cùng một tháng sẽ ghi đè số cũ của tháng đó. Các tháng khác không bị ảnh hưởng. Có thể tải một tháng hoặc cả 12 tháng đều được.
B17: KIỂM TRA TRƯỚC KHI TẢI | C17: Xem sheet 'Kiểm tra'. Cột 'Chênh lệch' phải bằng 0 ở mọi tháng có số liệu. Nếu khác 0 nghĩa là tổng doanh thu các dòng không khớp với số bạn dự kiến.
B19: BỐN CHỈ SỐ THEO DÕI
B20: Doanh thu | C20: Tổng 6 dòng doanh thu ở sheet Actual. Kế hoạch ở cột target_revenue.
B21: Khách hàng | C21: total_customers = tổng khách. active_customers = có phát sinh giao dịch trong tháng.
B22: Người dùng nền tảng | C22: total_users = tài khoản đã tạo, thuộc phạm vi hợp đồng đã ký.
B23: Người dùng hoạt động | C23: active_users = có phát sinh giao dịch trên nền tảng trong tháng.
B25: QUY ƯỚC MÀU | C25: Chữ xanh dương = ô cần điền tay. Chữ đen = công thức, đừng sửa. Nền vàng = dòng ví dụ, xóa trước khi dùng.

Sheet Actual
A1: SỐ LIỆU THỰC TẾ
A2: Doanh thu ghi bằng VND nguyên. Mỗi tháng một dòng. Dòng vàng là ví dụ — xóa trước khi tải lên.
A4: Kỳ báo cáo | B4: Travel & accommodation | C4: Mobility | D4: Other spend categories | E4: Platform subscription | F4: Annual licence | G4: One-off implementation | H4: Tổng khách hàng | I4: Khách hàng hoạt động | J4: Tổng người dùng | K4: Người dùng hoạt động | L4: Dự phóng? (1/trống)
A5: period | B5: rev_travel | C5: rev_mobility | D5: rev_other | E5: rev_subscription | F5: rev_licence | G5: rev_oneoff | H5: total_customers | I5: active_customers | J5: total_users | K5: active_users | L5: is_forecast
A6: 2026-06 | B6: 5960000000 | C6: 0 | D6: 0 | E6: 0 | F6: 3240000000 | G6: 0 | H6: 650 | I6: 19 | J6: 20400 | K6: 580
A7: 2026-01
A8: 2026-02
A9: 2026-03
A10: 2026-04
A11: 2026-05
A12: 2026-06
A13: 2026-07
A14: 2026-08
A15: 2026-09
A16: 2026-10
A17: 2026-11
A18: 2026-12
A19: TỔNG | B19: =SUM(B7:B18) -> 0 | C19: =SUM(C7:C18) -> 0 | D19: =SUM(D7:D18) -> 0 | E19: =SUM(E7:E18) -> 0 | F19: =SUM(F7:F18) -> 0 | G19: =SUM(G7:G18) -> 0 | H19: =SUM(H7:H18) -> 0 | I19: =SUM(I7:I18) -> 0 | ... K19: =SUM(K7:K18) -> 0
A21: Lưu ý: xóa dòng ví dụ (nền vàng) trước khi tải lên, nếu không tháng 2026-06 sẽ bị ghi đè bằng số ví dụ.
A22: Lưu ý: dòng TỔNG chỉ để bạn tự đối chiếu, hệ thống không đọc dòng này.

Sheet Target
A1: SỐ LIỆU KẾ HOẠCH
A2: Bỏ trống tháng nào chưa có kế hoạch. Doanh thu ghi bằng VND nguyên.
A4: Kỳ báo cáo | B4: Doanh thu kế hoạch (VND) | C4: Khách hàng kế hoạch | D4: Người dùng kế hoạch | E4: Người dùng hoạt động kế hoạch
A5: period | B5: target_revenue | C5: target_customers | D5: target_users | E5: target_active_users
A6: 2026-06 | B6: 9200000000 | C6: 650 | D6: 20400 | E6: 600
A7: 2026-01
A8: 2026-02
A9: 2026-03
A10: 2026-04
A11: 2026-05
A12: 2026-06
A13: 2026-07
A14: 2026-08
A15: 2026-09
A16: 2026-10
A17: 2026-11
A18: 2026-12
A19: TỔNG | B19: =SUM(B7:B18) -> 0 | C19: =SUM(C7:C18) -> 0 | D19: =SUM(D7:D18) -> 0 | E19: =SUM(E7:E18) -> 0

Sheet Kiểm tra
A1: ĐỐI CHIẾU TRƯỚC KHI TẢI LÊN
A2: Bảng này tự tính từ sheet Actual và Target. Không cần điền gì ở đây.
A4: Kỳ | B4: Tổng doanh thu (VND) | C4: Quy ra tỷ VND | D4: Kế hoạch (tỷ) | E4: % đạt | F4: Khách hàng | G4: % KH hoạt động | H4: Người dùng | I4: % ND hoạt động | J4: Doanh thu / khách (tr)
A5: =Actual!A7 -> 2026-01 | B5: =SUM(Actual!B7:G7) -> 0 | C5: =B5/1000000000 -> 0 | D5: =Target!B7/1000000000 -> 0 | E5: =IFERROR(B5/Target!B7,0) -> 0 | F5: =Actual!H7 -> 0 | G5: =IFERROR(Actual!I7/Actual!H7,0) -> 0 | H5: =Actual!J7 -> 0 | I5: =IFERROR(Actual!K7/Actual!J7,0) -> 0 | J5: =IFERROR(B5/Actual!H7/1000000,0) -> 0
A6: =Actual!A8 -> 2026-02 | B6: =SUM(Actual!B8:G8) -> 0 | C6: =B6/1000000000 -> 0 | D6: =Target!B8/1000000000 -> 0 | E6: =IFERROR(B6/Target!B8,0) -> 0 | F6: =Actual!H8 -> 0 | G6: =IFERROR(Actual!I8/Actual!H8,0) -> 0 | H6: =Actual!J8 -> 0 | I6: =IFERROR(Actual!K8/Actual!J8,0) -> 0 | J6: =IFERROR(B6/Actual!H8/1000000,0) -> 0
A7: =Actual!A9 -> 2026-03 | B7: =SUM(Actual!B9:G9) -> 0 | C7: =B7/1000000000 -> 0 | D7: =Target!B9/1000000000 -> 0 | E7: =IFERROR(B7/Target!B9,0) -> 0 | F7: =Actual!H9 -> 0 | G7: =IFERROR(Actual!I9/Actual!H9,0) -> 0 | H7: =Actual!J9 -> 0 | I7: =IFERROR(Actual!K9/Actual!J9,0) -> 0 | J7: =IFERROR(B7/Actual!H9/1000000,0) -> 0
A8: =Actual!A10 -> 2026-04 | B8: =SUM(Actual!B10:G10) -> 0 | C8: =B8/1000000000 -> 0 | D8: =Target!B10/1000000000 -> 0 | E8: =IFERROR(B8/Target!B10,0) -> 0 | F8: =Actual!H10 -> 0 | G8: =IFERROR(Actual!I10/Actual!H10,0) -> 0 | H8: =Actual!J10 -> 0 | I8: =IFERROR(Actual!K10/Actual!J10,0) -> 0 | J8: =IFERROR(B8/Actual!H10/1000000,0) -> 0
A9: =Actual!A11 -> 2026-05 | B9: =SUM(Actual!B11:G11) -> 0 | C9: =B9/1000000000 -> 0 | D9: =Target!B11/1000000000 -> 0 | E9: =IFERROR(B9/Target!B11,0) -> 0 | F9: =Actual!H11 -> 0 | G9: =IFERROR(Actual!I11/Actual!H11,0) -> 0 | H9: =Actual!J11 -> 0 | I9: =IFERROR(Actual!K11/Actual!J11,0) -> 0 | J9: =IFERROR(B9/Actual!H11/1000000,0) -> 0
A10: =Actual!A12 -> 2026-06 | B10: =SUM(Actual!B12:G12) -> 0 | C10: =B10/1000000000 -> 0 | D10: =Target!B12/1000000000 -> 0 | E10: =IFERROR(B10/Target!B12,0) -> 0 | F10: =Actual!H12 -> 0 | G10: =IFERROR(Actual!I12/Actual!H12,0) -> 0 | H10: =Actual!J12 -> 0 | I10: =IFERROR(Actual!K12/Actual!J12,0) -> 0 | J10: =IFERROR(B10/Actual!H12/1000000,0) -> 0
A11: =Actual!A13 -> 2026-07 | B11: =SUM(Actual!B13:G13) -> 0 | C11: =B11/1000000000 -> 0 | D11: =Target!B13/1000000000 -> 0 | E11: =IFERROR(B11/Target!B13,0) -> 0 | F11: =Actual!H13 -> 0 | G11: =IFERROR(Actual!I13/Actual!H13,0) -> 0 | H11: =Actual!J13 -> 0 | I11: =IFERROR(Actual!K13/Actual!J13,0) -> 0 | J11: =IFERROR(B11/Actual!H13/1000000,0) -> 0
A12: =Actual!A14 -> 2026-08 | B12: =SUM(Actual!B14:G14) -> 0 | C12: =B12/1000000000 -> 0 | D12: =Target!B14/1000000000 -> 0 | E12: =IFERROR(B12/Target!B14,0) -> 0 | F12: =Actual!H14 -> 0 | G12: =IFERROR(Actual!I14/Actual!H14,0) -> 0 | H12: =Actual!J14 -> 0 | I12: =IFERROR(Actual!K14/Actual!J14,0) -> 0 | J12: =IFERROR(B12/Actual!H14/1000000,0) -> 0
A13: =Actual!A15 -> 2026-09 | B13: =SUM(Actual!B15:G15) -> 0 | C13: =B13/1000000000 -> 0 | D13: =Target!B15/1000000000 -> 0 | E13: =IFERROR(B13/Target!B15,0) -> 0 | F13: =Actual!H15 -> 0 | G13: =IFERROR(Actual!I15/Actual!H15,0) -> 0 | H13: =Actual!J15 -> 0 | I13: =IFERROR(Actual!K15/Actual!J15,0) -> 0 | J13: =IFERROR(B13/Actual!H15/1000000,0) -> 0
A14: =Actual!A16 -> 2026-10 | B14: =SUM(Actual!B16:G16) -> 0 | C14: =B14/1000000000 -> 0 | D14: =Target!B16/1000000000 -> 0 | E14: =IFERROR(B14/Target!B16,0) -> 0 | F14: =Actual!H16 -> 0 | G14: =IFERROR(Actual!I16/Actual!H16,0) -> 0 | H14: =Actual!J16 -> 0 | I14: =IFERROR(Actual!K16/Actual!J16,0) -> 0 | J14: =IFERROR(B14/Actual!H16/1000000,0) -> 0
A15: =Actual!A17 -> 2026-11 | B15: =SUM(Actual!B17:G17) -> 0 | C15: =B15/1000000000 -> 0 | D15: =Target!B17/1000000000 -> 0 | E15: =IFERROR(B15/Target!B17,0) -> 0 | F15: =Actual!H17 -> 0 | G15: =IFERROR(Actual!I17/Actual!H17,0) -> 0 | H15: =Actual!J17 -> 0 | I15: =IFERROR(Actual!K17/Actual!J17,0) -> 0 | J15: =IFERROR(B15/Actual!H17/1000000,0) -> 0
A16: =Actual!A18 -> 2026-12 | B16: =SUM(Actual!B18:G18) -> 0 | C16: =B16/1000000000 -> 0 | D16: =Target!B18/1000000000 -> 0 | E16: =IFERROR(B16/Target!B18,0) -> 0 | F16: =Actual!H18 -> 0 | G16: =IFERROR(Actual!I18/Actual!H18,0) -> 0 | H16: =Actual!J18 -> 0 | I16: =IFERROR(Actual!K18/Actual!J18,0) -> 0 | J16: =IFERROR(B16/Actual!H18/1000000,0) -> 0
A17: TỔNG | B17: =SUM(B5:B16) -> 0 | C17: =SUM(C5:C16) -> 0 | D17: =SUM(D5:D16) -> 0 | E17: =IFERROR(C17/D17,0) -> 0
A19: Cột 'Quy ra tỷ VND' để đối chiếu nhanh với báo cáo gửi investor. Nếu lệch, kiểm tra lại các cột doanh thu ở sheet Actual.
A20: Các ô chữ xanh lá là liên kết sang sheet khác. Ô chữ đen là công thức. Không sửa ở sheet này.
